scenario,ID
toryenglandlib,E14000553
toryenglandlib,E14000563
toryenglandlib,E14000568
toryenglandlib,E14000574
toryenglandlib,E14000587
toryenglandlib,E14000591
toryenglandlib,E14000602
toryenglandlib,E14000617
toryenglandlib,E14000632
toryenglandlib,E14000641
toryenglandlib,E14000752
toryenglandlib,E14000772
toryenglandlib,E14000764
toryenglandlib,E14000780
toryenglandlib,E14000795
toryenglandlib,E14000808
toryenglandlib,E14000809
toryenglandlib,E14000832
toryenglandlib,E14000833
toryenglandlib,E14000873
toryenglandlib,E14000897
toryenglandlib,E14000919
toryenglandlib,E14000922
toryenglandlib,E14000978
toryenglandlib,E14001013
torywaleslib,W07000050
torywaleslib,W07000071
torywaleslib,W07000055
torywaleslib,W07000075
torywaleslib,W07000047
torywaleslib,W07000057
torywaleslib,W07000076
torywaleslib,W07000067
torywaleslib,W07000070
torywaleslib,W07000077
torywaleslib,W07000045
torywaleslib,W07000069
torywaleslib,W07000052
torywaleslib,W07000041
toryenglandukip,E14000716
toryenglandukip,E14000904
toryscotlandlib,S14000058
toryscotlandlib,S14000005
toryscotlandlib,S14000009
toryscotlandlib,S14000018
toryscotlandlib,S14000026
toryscotlandlib,S14000049
toryscotlandlib,S14000037
toryscotlandlib,S14000039
toryscotlandlib,S14000051
toryscotlandlib,S14000055
