scenario,id
labenglandlib,E14000530
labenglandlib,E14000547
labenglandlib,E14000554
labenglandlib,E14000934
labenglandlib,E14000937
labenglandlib,E14000621
labenglandlib,E14000627
labenglandlib,E14000628
labenglandlib,E14000630
labenglandlib,E14000635
labenglandlib,E14000644
labenglandlib,E14000837
labenglandlib,E14000938
labenglandlib,E14000991
labenglandlib,E14000623
labenglandlib,E14000838
labenglandlib,E14001000
labenglandlib,E14000815
labenglandlib,E14000839
labenglandlib,E14001031
labenglandlib,E14000684
labenglandlib,E14000685
labenglandlib,E14000704
labenglandlib,E14000719
labenglandlib,E14000680
labenglandlib,E14000730
labenglandlib,E14000738
labenglandlib,E14000743
labenglandlib,E14000847
labenglandlib,E14000753
labenglandlib,E14000762
labenglandlib,E14000770
labenglandlib,E14000786
labenglandlib,E14000799
labenglandlib,E14000803
labenglandlib,E14000804
labenglandlib,E14000811
labenglandlib,E14000827
labenglandlib,E14000830
labenglandlib,E14000835
labenglandlib,E14000848
labenglandlib,E14000874
labenglandlib,E14000881
labenglandlib,E14000884
labenglandlib,E14000896
labenglandlib,E14000901
labenglandlib,E14000960
labenglandlib,E14000961
labenglandlib,E14000964
labenglandlib,E14000912
labenglandlib,E14000928
labenglandlib,E14000931
labenglandlib,E14000850
labenglandlib,E14000932
labenglandlib,E14000958
labenglandlib,E14000977
labenglandlib,E14000953
labenglandlib,E14000817
labenglandlib,E14000984
labenglandlib,E14000988
labenglandlib,E14000990
labenglandlib,E14000994
labenglandlib,E14000996
labenglandlib,E14000999
labenglandlib,E14001001
labenglandlib,E14001005
labenglandlib,E14001026
labenglandlib,E14001037
labenglandlib,E14001038
labenglandlib,E14000860
labenglandlib,E14001041
labenglandlib,E14001047
labenglandlib,E14001035
labenglandlib,E14001060
labenglandlib,E14001062
labwalespc,W07000067
labenglandukip,E14000898
labenglandukip,E14000622
labscotlandsnp,S14000039
labscotlandsnp,S14000037
labscotlandsnp,S14000049
labscotlandsnp,S14000051
labscotlandsnp,S14000026
labscotlandsnp,S14000055
labscotlandsnp,S14000008
labscotlandsnp,S14000005
labscotlandsnp,S14000058
labscotlandsnp,S14000018
labscotlandsnp,S14000009
labscotlandsnp,S14000014
labscotlandsnp,S14000013
